Senior AngularJS Developer,Acceptic LTD,,https://rabota.ua//company1100697/vacancy6777533,+380954661670
JavaScript/Node.js Developer,Uran Company,40 000 грн,https://rabota.ua//company5209337/vacancy6785560,
Travel Integrations Engineer (with Sabre Experience),DataArt,,https://rabota.ua//company277662/vacancy6775661,
Student Web-developer PHP / JS,ITCraft,,https://rabota.ua//company908827/vacancy5731590,
Frontend Developer,Houston Apps,,https://rabota.ua//company4006809/vacancy6814078,+380507309060
PHP/JS developer,Liluweb,,https://rabota.ua//company4707496/vacancy6655556,067 305 90 24
Администратор сайта,"Савкова К.С., ФОП",10 000 грн,https://rabota.ua//company5280539/vacancy6794696,0683187827
Senior Angular JavaScript Developer,Acceptic LTD,,https://rabota.ua//company1100697/vacancy6813145,0503275434
Front-end (AngularJS) developer,SSA Group,,https://rabota.ua//company797752/vacancy5834244,+380577649130
"Full Stack Developer,  Online Supermarket Services (Relocation to Lublin,  ...",DataArt,,https://rabota.ua//company277662/vacancy6773476,+38 (057) 727 08 27
Senior NodeJS developer (full stack),TechHunt  агентство,,https://rabota.ua//company2141099/vacancy6775031,098 620-53-12
FrontEnd Developer,Vilmate,,https://rabota.ua//company2497024/vacancy6812388,+380675463383
Senior JavaScript Engineer,Acceptic LTD,,https://rabota.ua//company1100697/vacancy6774052,0954661670
Junior Full-Stack Web Developer,CUDEV,,https://rabota.ua//company1201849/vacancy6328069,
Front-end developer (middle),Zakupka.com,20 000 грн,https://rabota.ua//company832379/vacancy6721389,
Senior JS/PHP (AngularJS and Symfony) developer,"TEAM International Services, Inc",,https://rabota.ua//company962/vacancy6792606,
JavaScript Lead,NIX Solutions ltd.,,https://rabota.ua//company53660/vacancy6694184,"067 575 23 26,  067 579 06 02"
"Front end developer,  markup",Multi-programming Solutions,,https://rabota.ua//company5026618/vacancy6783209,+38068-885-49-71
Front-end developer,ITCraft,,https://rabota.ua//company908827/vacancy6657438,
Front-End Developer,"BIG DROP, ООО",,https://rabota.ua//company2505217/vacancy6455808,
Senior AngularJS Developer,Acceptic LTD,,https://rabota.ua//company1100697/vacancy6777533,+380954661670
JavaScript/Node.js Developer,Uran Company,40 000 грн,https://rabota.ua//company5209337/vacancy6785560,
Travel Integrations Engineer (with Sabre Experience),DataArt,,https://rabota.ua//company277662/vacancy6775661,
Student Web-developer PHP / JS,ITCraft,,https://rabota.ua//company908827/vacancy5731590,
Frontend Developer,Houston Apps,,https://rabota.ua//company4006809/vacancy6814078,+380507309060
PHP/JS developer,Liluweb,,https://rabota.ua//company4707496/vacancy6655556,067 305 90 24
Администратор сайта,"Савкова К.С., ФОП",10 000 грн,https://rabota.ua//company5280539/vacancy6794696,0683187827
Senior Angular JavaScript Developer,Acceptic LTD,,https://rabota.ua//company1100697/vacancy6813145,0503275434
Front-end (AngularJS) developer,SSA Group,,https://rabota.ua//company797752/vacancy5834244,+380577649130
"Full Stack Developer,  Online Supermarket Services (Relocation to Lublin,  ...",DataArt,,https://rabota.ua//company277662/vacancy6773476,+38 (057) 727 08 27
Senior NodeJS developer (full stack),TechHunt  агентство,,https://rabota.ua//company2141099/vacancy6775031,098 620-53-12
FrontEnd Developer,Vilmate,,https://rabota.ua//company2497024/vacancy6812388,+380675463383
Senior JavaScript Engineer,Acceptic LTD,,https://rabota.ua//company1100697/vacancy6774052,0954661670
Junior Full-Stack Web Developer,CUDEV,,https://rabota.ua//company1201849/vacancy6328069,
Front-end developer (middle),Zakupka.com,20 000 грн,https://rabota.ua//company832379/vacancy6721389,
Senior JS/PHP (AngularJS and Symfony) developer,"TEAM International Services, Inc",,https://rabota.ua//company962/vacancy6792606,
JavaScript Lead,NIX Solutions ltd.,,https://rabota.ua//company53660/vacancy6694184,"067 575 23 26,  067 579 06 02"
"Front end developer,  markup",Multi-programming Solutions,,https://rabota.ua//company5026618/vacancy6783209,+38068-885-49-71
Front-end developer,ITCraft,,https://rabota.ua//company908827/vacancy6657438,
Front-End Developer,"BIG DROP, ООО",,https://rabota.ua//company2505217/vacancy6455808,
Senior SAPUI5 Developer,Acceptic LTD,,https://rabota.ua//company1100697/vacancy6235180,095 945 07 05
JavaScript developer,LineUp,15 000 грн,https://rabota.ua//company2643388/vacancy6810148,+380502347636
Intermediate React JavaScript Developer,Acceptic LTD,,https://rabota.ua//company1100697/vacancy6391645,+380954661670
Senior JavaScript Developer,Acceptic LTD,,https://rabota.ua//company1100697/vacancy6594658,0954661670
Junior Front End developer,CUDEV,,https://rabota.ua//company1201849/vacancy6220407,
Senior Front-end Developer,Admanic Ukraine,,https://rabota.ua//company4537734/vacancy6384169,0688934985
Junior Full-stack developer,Будстрой ЛТД,,https://rabota.ua//company4161248/vacancy6809148,
Backend Node.js/PHP developer,Sky-tech,,https://rabota.ua//company3018631/vacancy6752700,+380504033984
Front-end developer (AngularJS),Work-nest,,https://rabota.ua//company3602223/vacancy6732976,
Node.js developer with English,Multi-programming Solutions,90 000 грн,https://rabota.ua//company5026618/vacancy6808703,
Front-end Developer (Middle),Benef-it,,https://rabota.ua//company2904970/vacancy6808685,
Middle Javascript developer,NIX Solutions ltd.,,https://rabota.ua//company53660/vacancy6046250,"067 575 23 26,  067 579 06 02"
"Middle Ruby Developer with Ember.js Experience,  Feedback Platform",DataArt,,https://rabota.ua//company277662/vacancy6786796,+380-99-041-6850
Node.js Developer,MobiDev,,https://rabota.ua//company960633/vacancy6767559,050-301-44-39
"PHP/JS programmer (remote job,  whole Ukraine)",ABC Hosting Ltd dba Zzz.com.ua,,https://rabota.ua//company3327046/vacancy5794974,http://www.cba.pl
JavaScript developer,Zfort Group,,https://rabota.ua//company132994/vacancy6092378,+38 073 -3-27-27-27
Senior Frontend/Javascript Developer (AngularJS),"Mimacom Ukraine, LLC",,https://rabota.ua//company4561066/vacancy6504402,+380
"Front-end Developer (JS,  PHP)",izumiwebstudio,8 000 грн,https://rabota.ua//company5658897/vacancy6807755,+380976148261
WEB-developer,G5 Entertainment AB,,https://rabota.ua//company250389/vacancy6206097,(057) 714-45-34
React.js Developer,AppliKey Solutions,,https://rabota.ua//company1529166/vacancy6599180,
Middle Full Stack JavaScript developer (NodeJs + AngularJS),ITCraft,,https://rabota.ua//company908827/vacancy6751613,
Middle PHP/JS developer,ITCraft,,https://rabota.ua//company908827/vacancy6797510,
Senior PHP/JS developer,ITCraft,,https://rabota.ua//company908827/vacancy6797514,
Младший веб-разработчик (junior web-developer),ЕШКО,,https://rabota.ua//company2925499/vacancy6785986,+38 066 4974181
Front-end developer (Angular2),Sliceart,,https://rabota.ua//company3587644/vacancy6806595,
Senior Node.js Developer,GlobalLogic Ukraine,,https://rabota.ua//company794/vacancy6796965,
Middle PHP разработчик (Laravel / AngularJS),ITCraft,,https://rabota.ua//company908827/vacancy6709185,
Full Stack Node.js Developer,Devart,,https://rabota.ua//company81394/vacancy6746974,
Junior ReactJS Developer,SlidePresenter GmbH,,https://rabota.ua//company3028902/vacancy6710655,
JavaScript / frontend developer,LineUp,15 000 грн,https://rabota.ua//company2643388/vacancy6727903,+380966917182
Senior Front end developer,Ukad-Group,,https://rabota.ua//company891040/vacancy6800361,+38-097-297-18-76
Front-end developer,Jelvix LLC,,https://rabota.ua//company2837230/vacancy5720366,+380730902092
Front-end developer,И3 Дизайн-Украина,,https://rabota.ua//company3693831/vacancy6443364,+380675773397
HTML верстальник,Lion Studio,,https://rabota.ua//company632411/vacancy6637756,
Front-end Developer,WEB4PRO,,https://rabota.ua//company1235559/vacancy6059994,0964824742
Junior Front End (React+Redux) Developer,Code&Care,,https://rabota.ua//company4159182/vacancy6793213,
Front-end developer,BDDev,8 000 грн,https://rabota.ua//company5266949/vacancy6762319,+380660939712
JavaScript Developer / Team Lead,Fortifier,,https://rabota.ua//company3609568/vacancy6789975,+380639518702
PHP (yii) developer,HumanLab  агентство,,https://rabota.ua//company621996/vacancy6788999,
JavaScript developer,Qualium Systems,,https://rabota.ua//company778807/vacancy5410815,
Mean Stach Developer,"Грес Г.А., ФЛП / BeeSoft",8 000 грн,https://rabota.ua//company4663820/vacancy6748083,+380931399715
Senior Node.JS developer,"Матросов О.О., ФЛП",,https://rabota.ua//company5169388/vacancy6787656,
Golang trainee / Junior,"Курдюмов Д.Є., ФОП  агентство",,https://rabota.ua//company4191142/vacancy6686718,+380667241892; 0936860868
Front-End (Fullstack) developer,FormaPro,,https://rabota.ua//company3788069/vacancy6534110,+380509119371
Front-end Angular Developer,Intouch Media,13 000 грн,https://rabota.ua//company3055239/vacancy6784171,
Front-end Junior (ReactJS или AngularJS),Code&Care,,https://rabota.ua//company4159182/vacancy6783949,
"HTML,  CCS,  Front-end developer",Geniustudio,,https://rabota.ua//company4002077/vacancy6783536,
Frontend Developer,NuWeb,,https://rabota.ua//company5200177/vacancy6781620,+380632759182
Wordpress разработчик,Waterfall,,https://rabota.ua//company5359024/vacancy6781196,095-215-26-81
Senior ReactJS frontend developer,SlidePresenter GmbH,,https://rabota.ua//company3028902/vacancy6710608,
"Senior Frontend Developer,  Magento",Balance Internet,,https://rabota.ua//company4160175/vacancy6571123,+61431112556
Веб-разработчик,FDS-IT,,https://rabota.ua//company5352269/vacancy6778172,+380686044543
Front-end developer,iDeus,20 000 грн,https://rabota.ua//company1167058/vacancy5951304,+380503270442
Junior / Junior+ Node.js Developer,"DA-14, Software Development",,https://rabota.ua//company1929668/vacancy6352941,0972211575
Senior JS Developer,P-Product.Inc,,https://rabota.ua//company3551574/vacancy6773346,(063)9342829
